{"cameraMode":{"drawMode":0,"name":"Shaded","section":"Shading Mode"},"sceneLighting":true,"audioPlay":false,"sceneViewState":{"m_AlwaysRefresh":false,"showFog":true,"showSkybox":true,"showFlares":true,"showImageEffects":true,"showParticleSystems":true,"showVisualEffectGraphs":true,"m_FxEnabled":true},"in2DMode":false,"pivot":{"x":6.6062726974487309,"y":-4.623291969299316,"z":19.425630569458009},"rotation":{"x":0.14218637347221375,"y":0.1481887549161911,"z":-0.021528935059905053,"w":0.9784398674964905},"size":12.12435531616211,"orthographic":false}