{"cameraMode":{"drawMode":0,"name":"Shaded","section":"Shading Mode"},"sceneLighting":false,"audioPlay":false,"sceneViewState":{"m_AlwaysRefresh":false,"showFog":true,"showSkybox":false,"showFlares":true,"showImageEffects":true,"showParticleSystems":true,"showVisualEffectGraphs":true,"m_FxEnabled":true},"in2DMode":false,"pivot":{"x":789.1260375976563,"y":450.1434326171875,"z":-831.983154296875},"rotation":{"x":-0.000051628638175316155,"y":0.9995900988578796,"z":-0.00180823914706707,"w":-0.02819547802209854},"size":610.5704345703125,"orthographic":false}